request_id,topic,image_file_id,image_path,instagram_caption,facebook_caption,linkedin_caption,alt_text,mode,status,created_at,published_at,error,buffer_instagram_id,buffer_facebook_id,buffer_linkedin_id
dilpat-2026-09-15-2058-PKT,Spring Boot,dilpat-2026-09-15-2058-PKT.svg,media/2026/09/dilpat-2026-09-15-2058-PKT.svg,"Spring Boot helps Java developers move from idea to production faster.

Why it matters:
- Auto-configuration reduces boilerplate
- Embedded servers simplify deployment
- Actuator adds health checks and metrics
- Spring Data, Security, and Cloud fit naturally into the ecosystem

A good backend is not only about writing endpoints. It is also about making the service observable, secure, and easy to operate.

What Spring Boot feature saves you the most time?

#Java #SpringBoot #BackendDevelopment #SoftwareEngineering","Spring Boot is more than a shortcut for creating REST APIs. It gives Java teams a practical foundation for building production-ready services.

The value comes from the combination of auto-configuration, embedded servers, health checks, metrics, and a strong ecosystem around data access and security.

The result is a backend that is easier to develop, test, deploy, and maintain.

Which Spring Boot capability do you rely on most in your projects?

#Java #SpringBoot #BackendDevelopment","A useful engineering lesson: framework productivity matters most when it improves the full lifecycle of a service—not only the first commit.

Spring Boot helps Java teams by combining:

• Fast development through sensible defaults and starter dependencies
• Production readiness through Actuator, health checks, and metrics
• Modular integration with security, data access, messaging, and cloud tooling
• Operational simplicity through externalized configuration and embedded servers

The best backend frameworks reduce accidental complexity while keeping the architecture explicit.

Which Spring Boot capability has made your systems easier to operate?

#Java #SpringBoot #BackendEngineering #SoftwareArchitecture","Dark technical infographic titled What is Spring Boot and Why It Matters? showing a flow from Client to Spring Boot to Data Access Layer to Database, with benefits including fast development, production readiness, microservices support, rich ecosystem, and developer-friendly design.",queue,ready,2026-09-15T20:58:35+05:00,,,,,
dilpat-2026-09-16-2148-PKT,Java,dilpat-2026-09-16-2148-PKT.svg,media/2026/09/dilpat-2026-09-16-2148-PKT.svg,"A Java backend is easier to maintain when each layer has one clear responsibility.

Controller handles HTTP. Service owns business rules. Repository manages persistence. Database stores the data.

This separation is not ceremony. It makes testing, debugging, and future changes safer because a change in one layer does not force unrelated code to change.

A clean backend is built for the next feature, not only today's endpoint.

What layer do you find most difficult to keep clean?

#Java #BackendDevelopment #SoftwareArchitecture #SpringBoot #SoftwareEngineering","One practical Java backend principle: keep responsibilities separated.

Controllers should translate HTTP requests. Services should contain business rules. Repositories should handle persistence. Databases should store and retrieve data.

When these boundaries are clear, the codebase becomes easier to test, debug, and evolve. You can change a database query without rewriting business logic, or change an API contract without moving persistence code into the controller.

Good architecture reduces accidental complexity.

#Java #BackendDevelopment #SoftwareArchitecture","A maintainable Java backend is usually less about clever code and more about clear boundaries.

A common request flow is:

• Controller: receives and validates the HTTP request
• Service: applies business rules and coordinates the use case
• Repository: performs persistence operations
• Database: stores the system of record

This separation improves testability, makes failures easier to isolate, and reduces the cost of change. It also gives teams a practical path from a simple monolith to a more modular architecture.

The goal is not to add layers for their own sake. The goal is to make responsibilities explicit.

#Java #BackendEngineering #SoftwareArchitecture #SystemDesign","Dark technical infographic showing a Java backend request flowing from Controller to Service to Repository to Database, with a short explanation of why clear layer boundaries improve maintainability, testing, and scalability.",queue,buffer_queued,2026-09-16T21:48:53+05:00,,,6aaac99502cd4b4edcf7a611,6aaac99585eb6b8fcc2c17bb,6aaac9966140e9c38a7076dc
dilpat-2026-09-17-2109-PKT,Docker,dilpat-2026-09-17-2109-PKT.png,media/2026/09/dilpat-2026-09-17-2109-PKT.png,"Docker works best when you understand the path from source code to a running container.

A practical flow is:
• Dockerfile defines how the image is built
• Image packages the application and its dependencies
• Container runs that image as an isolated process
• Host provides the Docker Engine and resources

This separation makes local development, testing, and deployment more consistent. It also makes environment differences easier to diagnose.

Keep images small, pin important versions, and treat containers as replaceable runtime units.

What Docker concept took you the longest to understand?

#Docker #DevOps #BackendDevelopment #SoftwareEngineering","Docker becomes easier to use when you separate four ideas: Dockerfile, image, container, and host.

The Dockerfile describes the build. The image is the packaged result. The container is the running process created from that image. The host provides the Docker Engine and system resources.

That model explains why Docker improves consistency across development and deployment environments. It also helps you troubleshoot issues without mixing build problems with runtime problems.

Start with a small image, pin versions where it matters, and keep configuration outside the image.

#Docker #DevOps #SoftwareEngineering","A useful Docker mental model is a build-to-runtime pipeline:

• Dockerfile: declares the build steps
• Image: immutable package of application code and dependencies
• Container: isolated process created from the image
• Host: machine running the Docker Engine

Once these boundaries are clear, common practices become easier to reason about: multi-stage builds reduce image size, externalized configuration keeps environments flexible, and tagged images make deployments traceable.

Containers do not remove operational responsibility. They make the runtime unit explicit, repeatable, and easier to move between environments.

#Docker #DevOps #BackendEngineering #SoftwareArchitecture","Dark 4:5 technical infographic explaining Docker from Dockerfile to image to container to host, with practical benefits, use cases, commands, quick tips, and the brand Dilpat Rai Software Engineer.",queue,ready,2026-09-17T21:09:50+05:00,,,,,
